avg_loss,round
2.7715355060304447,1
1.708791717198262,2
1.3404002787932559,3
1.391299601997704,4
1.2727467749659112,5
