avg_loss,round
3.2438243429618105,1
1.4837658358124164,2
1.6290455867350495,3
1.2050163901377362,4
1.2756778969010505,5
