avg_loss,round
3.173435270588945,1
1.783478856761152,2
1.4482558068578621,3
1.4035646492248683,4
1.198741956924977,5
