avg_loss,round
2.721830469415205,1
1.216409552846235,2
1.4017831638821179,3
1.450533830128611,4
1.3507382472574982,5
