avg_loss,round
13.27766976441884,1
9.550593111629205,2
10.075775033749421,3
9.028576629025348,4
8.180805157578472,5
