avg_loss,round
13.733268246882435,1
10.161920742488523,2
8.971092564071295,3
9.09050714763553,4
10.052208731657146,5
