avg_loss,round
12.316811246123581,1
8.874458943068415,2
8.906322990924792,3
8.449159511520714,4
8.464346357943857,5
