avg_loss,round
2.417908897223744,1
1.4649947734194597,2
1.4176468827481563,3
1.4869615779198422,4
1.0892893613905115,5
