avg_loss,round
2.672628318956547,1
1.5702340118418854,2
1.543766728796658,3
1.5479416780543676,4
1.1573722467028225,5
