avg_loss,round
4.103917283531615,1
1.4212380429654337,2
1.3035495118582368,3
1.181191389658816,4
1.1947627724094767,5
1.165500776408879,6
1.092433688026143,7
1.0860150873436518,8
1.0507241080818281,9
1.0864447991309674,10
1.0688906601338626,11
1.016525470164733,12
1.033855686842901,13
1.02778547480998,14
1.0157908852572937,15
1.0331962665085326,16
0.9713286079084446,17
1.0363410766378658,18
0.9764104033922042,19
0.9747736374661171,20
