avg_loss,round
2.836989962561586,1
1.742994709528221,2
1.5035242376035078,3
1.4942227083432897,4
1.2612575045261447,5
