avg_loss,round
12.56432105142373,1
7.966531065446242,2
6.932841388664322,3
6.114114647176156,4
6.397201445005033,5
