avg_loss,round
13.123613265558877,1
8.5915027152891,2
9.194434250808152,3
7.081008249939446,4
8.040153763688494,5
