avg_loss,round
12.807666398470328,1
8.942895188407302,2
8.890664518114042,3
8.2199970318343,4
7.438540198989633,5
