avg_loss,round
13.343015280742062,1
11.833301712563484,2
10.637846163696643,3
9.714412053063716,4
9.447505276142193,5
8.711489364026688,6
9.516465281001713,7
8.911863479348623,8
8.338998181069794,9
7.88925490082033,10
7.7009750522863865,11
7.409411045831288,12
7.389107941279921,13
7.496856966644344,14
7.307618053373079,15
