avg_loss,round
13.385834100890651,1
12.163539467462533,2
9.443083560192822,3
7.36110588118226,4
5.941803099746398,5
