avg_loss,round
13.131088540528475,1
9.133206084032425,2
8.026720740954051,3
6.939867286823281,4
6.071485196973969,5
