avg_loss,round
13.706161994769843,1
11.258038271327873,2
8.801235537885352,3
7.555135149643458,4
5.8332582172761125,5
