{
    "lime": {
        "item_id > 753.00": -0.11097059844162127,
        "user_id <= 308.25": 0.050763203184328996
    },
    "shap": {
        "user_id": 0.9158622598648067,
        "item_id": 1.0880982685089116
    }
}