{
    "lime": {
        "336.50 < item_id <= 728.75": -1.1436194421123725e-05,
        "288.00 < user_id <= 482.50": -1.138865357028468e-05
    },
    "shap": {
        "user_id": 0.0,
        "item_id": 0.0020663446187972334
    }
}