{
    "lime": {
        "item_id <= 127.50": 0.04955156221216485,
        "user_id <= 345.00": -0.0026556503500390336
    },
    "shap": {
        "user_id": -0.08080199718475345,
        "item_id": 0.6385564565658569
    }
}