{
    "lime": {
        "item_id > 738.00": -0.18879092250453886,
        "user_id <= 276.75": 0.005686101966433724
    },
    "shap": {
        "user_id": 0.24467045068740778,
        "item_id": 1.4454124188423163
    }
}