{
    "lime": {
        "145.75 < item_id <= 396.00": 0.050562617208413964,
        "205.75 < user_id <= 380.50": 0.022054277100657663
    },
    "shap": {
        "user_id": 0.197955596446991,
        "item_id": 0.7102214217185978
    }
}