{
    "lime": {
        "user_id <= 335.50": -0.10228377491601107,
        "item_id > 673.50": -0.07184358619883213
    },
    "shap": {
        "user_id": 0.5692841255664833,
        "item_id": 1.196454170942306
    }
}