{
    "lime": {
        "item_id <= 196.75": 0.17408027423641975,
        "user_id <= 225.25": 0.006168826086601236
    },
    "shap": {
        "user_id": 0.014748446941375448,
        "item_id": 0.9371233487129214
    }
}