{
    "lime": {
        "item_id <= 178.75": 0.1038171478602526,
        "user_id > 540.75": -0.059207835334376666
    },
    "shap": {
        "user_id": -0.06273890256881742,
        "item_id": 0.5994259333610534
    }
}