{
    "lime": {
        "item_id <= 123.75": 0.05981081416109897,
        "user_id <= 270.00": 0.007148143345681459
    },
    "shap": {
        "user_id": 0.06391793131828272,
        "item_id": 0.801321729421616
    }
}