{
    "lime": {
        "452.50 < item_id <= 707.00": 6.386851250828346e-05,
        "user_id <= 310.50": -8.106449827325384e-06
    },
    "shap": {
        "user_id": 0.0,
        "item_id": 0.0025711035728454568
    }
}