{
    "lime": {
        "361.50 < item_id <= 741.25": 0.08019284045275402,
        "208.00 < user_id <= 435.00": 0.06707531390960361
    },
    "shap": {
        "user_id": 0.18059164881706202,
        "item_id": 1.514707201719284
    }
}