{
    "lime": {
        "item_id > 684.75": -0.11881571394099065,
        "user_id <= 310.50": -0.07610054459494772
    },
    "shap": {
        "user_id": 0.38407442092895483,
        "item_id": 1.5289955496788026
    }
}