{
    "lime": {
        "item_id <= 178.00": 0.02448410399257322,
        "user_id <= 336.75": 0.002568569930467508
    },
    "shap": {
        "user_id": -0.005548603832721544,
        "item_id": 0.1853116598725318
    }
}