{
    "lime": {
        "119.50 < item_id <= 294.50": 0.23496362379110738,
        "user_id <= 201.00": 0.00965321641863288
    },
    "shap": {
        "user_id": 0.01852501392364503,
        "item_id": 0.7916682815551759
    }
}