{
    "lime": {
        "item_id <= 178.00": 0.000870287758769826,
        "user_id <= 336.75": 2.2449000063709114e-05
    },
    "shap": {
        "user_id": -0.000366483926773048,
        "item_id": 0.005318342447280869
    }
}