{
    "lime": {
        "item_id > 521.75": -0.00010850601555067581,
        "user_id <= 363.50": -9.442922693694931e-06
    },
    "shap": {
        "user_id": 0.0,
        "item_id": 0.0012815964221953857
    }
}