{
    "lime": {
        "384.50 < item_id <= 564.75": 0.25272436845247853,
        "user_id <= 224.50": 0.005134021685519842
    },
    "shap": {
        "user_id": 0.017766709327697416,
        "item_id": 0.8984221363067628
    }
}