{
    "lime": {
        "item_id > 614.75": -0.13950730466136357,
        "user_id <= 374.00": 0.014523926113382888
    },
    "shap": {
        "user_id": -0.03968517303466701,
        "item_id": 1.362712812423705
    }
}