{
    "lime": {
        "item_id > 796.75": -0.00022952179476498898,
        "user_id <= 299.00": -1.4473177771446213e-05
    },
    "shap": {
        "user_id": -5.137324333048809e-06,
        "item_id": 0.0014282757043836414
    }
}