{
    "lime": {
        "231.50 < item_id <= 493.00": 0.00731166188358457,
        "user_id <= 337.25": 0.005439972260254954
    },
    "shap": {
        "user_id": -0.019306198954581966,
        "item_id": 0.37368111312389374
    }
}