{
    "lime": {
        "item_id <= 210.75": 0.10910912481657022,
        "user_id <= 299.00": -0.025089501630475883
    },
    "shap": {
        "user_id": 0.3735132086277009,
        "item_id": 1.2540980279445648
    }
}