{
    "lime": {
        "item_id <= 198.00": 0.07669221958069354,
        "user_id > 537.75": -0.0643038284011857
    },
    "shap": {
        "user_id": -0.045419745445251625,
        "item_id": 0.46863449573516824
    }
}