{
    "lime": {
        "item_id > 521.75": -0.22745276772232126,
        "user_id <= 363.50": 0.0003479846344935569
    },
    "shap": {
        "user_id": 0.25484085440635673,
        "item_id": 1.2976407325267794
    }
}