{
    "lime": {
        "item_id > 648.25": -0.00010752576005789653,
        "user_id <= 399.75": 3.840352069978265e-06
    },
    "shap": {
        "user_id": 0.0,
        "item_id": 0.0009139859676360884
    }
}