{
    "lime": {
        "96.25 < item_id <= 194.00": 0.2887059919513477,
        "130.00 < user_id <= 276.00": -0.0044205503056982945
    },
    "shap": {
        "user_id": 0.21020601987838727,
        "item_id": 1.4633283400535584
    }
}