{
    "lime": {
        "item_id <= 197.50": 0.14640556628436313,
        "user_id > 489.50": -0.02715300495980288
    },
    "shap": {
        "user_id": -0.15596083164215102,
        "item_id": 0.9468219375610354
    }
}