{
    "lime": {
        "230.50 < item_id <= 491.25": -0.05778021121810068,
        "user_id <= 358.25": -0.008194467478921285
    },
    "shap": {
        "user_id": -0.020131168365478902,
        "item_id": 0.4470748972892765
    }
}