{
    "lime": {
        "item_id <= 187.00": 0.0502197182520569,
        "178.00 < user_id <= 429.00": -0.004108923772292518
    },
    "shap": {
        "user_id": 0.0009160989522932761,
        "item_id": -0.013272113204002456
    }
}