{
    "lime": {
        "item_id > 684.00": -0.07747278612468339,
        "269.00 < user_id <= 500.00": -0.0014781022207932986
    },
    "shap": {
        "user_id": -0.00039636135101328573,
        "item_id": -0.06923879146575895
    }
}