{
    "lime": {
        "176.00 < item_id <= 315.00": 0.04801431139608735,
        "user_id <= 316.00": 0.0023109459460286686
    },
    "shap": {
        "user_id": 0.0006848368048667508,
        "item_id": 0.15397393494844447
    }
}