{
    "lime": {
        "172.00 < item_id <= 319.00": 0.03884195014858236,
        "user_id <= 276.00": 0.0007395501546524462
    },
    "shap": {
        "user_id": -0.00014392793178558128,
        "item_id": 0.049335763454437076
    }
}